 profile , board , container
 https://www.pinterest.it/Abbie95/ , https://www.pinterest.it/Abbie95/boards , https://www.pinterest.it/Abbie95/Pets
 https://www.pinterest.it/Abigail99/ , https://www.pinterest.it/Abigail99/boards , https://www.pinterest.it/Abigail99/Pets
 https://www.pinterest.it/Abraham83/ , https://www.pinterest.it/Abraham83/boards , https://www.pinterest.it/Abraham83/Pets
 https://www.pinterest.it/Adriana97/ , https://www.pinterest.it/Adriana97/boards , https://www.pinterest.it/Adriana97/Pets
 https://www.pinterest.it/Albert86/ , https://www.pinterest.it/Albert86/boards , https://www.pinterest.it/Albert86/Pets
 https://www.pinterest.it/Aldo99/ , https://www.pinterest.it/Aldo99/boards , https://www.pinterest.it/Aldo99/Pets
 https://www.pinterest.it/Alejandrina93/ , https://www.pinterest.it/Alejandrina93/boards , https://www.pinterest.it/Alejandrina93/Pets
 https://www.pinterest.it/Alexa96/ , https://www.pinterest.it/Alexa96/boards , https://www.pinterest.it/Alexa96/Pets
 https://www.pinterest.it/Alicia86/ , https://www.pinterest.it/Alicia86/boards , https://www.pinterest.it/Alicia86/Pets
 https://www.pinterest.it/Alina96/ , https://www.pinterest.it/Alina96/boards , https://www.pinterest.it/Alina96/Pets
 https://www.pinterest.it/Allyn88/ , https://www.pinterest.it/Allyn88/boards , https://www.pinterest.it/Allyn88/Pets
 https://www.pinterest.it/Alvina83/ , https://www.pinterest.it/Alvina83/boards , https://www.pinterest.it/Alvina83/Pets
 https://www.pinterest.it/Amie97/ , https://www.pinterest.it/Amie97/boards , https://www.pinterest.it/Amie97/Pets
 https://www.pinterest.it/Anastacia94/ , https://www.pinterest.it/Anastacia94/boards , https://www.pinterest.it/Anastacia94/Pets
 https://www.pinterest.it/Anisa89/ , https://www.pinterest.it/Anisa89/boards , https://www.pinterest.it/Anisa89/Pets
 https://www.pinterest.it/Annabell89/ , https://www.pinterest.it/Annabell89/boards , https://www.pinterest.it/Annabell89/Pets
 https://www.pinterest.it/Ardelia84/ , https://www.pinterest.it/Ardelia84/boards , https://www.pinterest.it/Ardelia84/Pets
 https://www.pinterest.it/Arlie83/ , https://www.pinterest.it/Arlie83/boards , https://www.pinterest.it/Arlie83/Pets
 https://www.pinterest.it/Armandina87/ , https://www.pinterest.it/Armandina87/boards , https://www.pinterest.it/Armandina87/Pets
 https://www.pinterest.it/Armida90/ , https://www.pinterest.it/Armida90/boards , https://www.pinterest.it/Armida90/Pets
 https://www.pinterest.it/Arnoldo92/ , https://www.pinterest.it/Arnoldo92/boards , https://www.pinterest.it/Arnoldo92/Pets
 https://www.pinterest.it/Asha95/ , https://www.pinterest.it/Asha95/boards , https://www.pinterest.it/Asha95/Pets
 https://www.pinterest.it/Ashlie94/ , https://www.pinterest.it/Ashlie94/boards , https://www.pinterest.it/Ashlie94/Pets
 https://www.pinterest.it/Ayesha94/ , https://www.pinterest.it/Ayesha94/boards , https://www.pinterest.it/Ayesha94/Pets
 https://www.pinterest.it/Bee91/ , https://www.pinterest.it/Bee91/boards , https://www.pinterest.it/Bee91/Pets
 https://www.pinterest.it/Ben90/ , https://www.pinterest.it/Ben90/boards , https://www.pinterest.it/Ben90/Pets
 https://www.pinterest.it/Bernardine99/ , https://www.pinterest.it/Bernardine99/boards , https://www.pinterest.it/Bernardine99/Pets
 https://www.pinterest.it/Bertie99/ , https://www.pinterest.it/Bertie99/boards , https://www.pinterest.it/Bertie99/Pets
 https://www.pinterest.it/Bertram81/ , https://www.pinterest.it/Bertram81/boards , https://www.pinterest.it/Bertram81/Pets
 https://www.pinterest.it/Bettie90/ , https://www.pinterest.it/Bettie90/boards , https://www.pinterest.it/Bettie90/Pets
 https://www.pinterest.it/Bettyann94/ , https://www.pinterest.it/Bettyann94/boards , https://www.pinterest.it/Bettyann94/Pets
 https://www.pinterest.it/Bibi81/ , https://www.pinterest.it/Bibi81/boards , https://www.pinterest.it/Bibi81/Pets
 https://www.pinterest.it/Blanche95/ , https://www.pinterest.it/Blanche95/boards , https://www.pinterest.it/Blanche95/Pets
 https://www.pinterest.it/Bobette84/ , https://www.pinterest.it/Bobette84/boards , https://www.pinterest.it/Bobette84/Pets
 https://www.pinterest.it/Bong80/ , https://www.pinterest.it/Bong80/boards , https://www.pinterest.it/Bong80/Pets
 https://www.pinterest.it/Bree84/ , https://www.pinterest.it/Bree84/boards , https://www.pinterest.it/Bree84/Pets
 https://www.pinterest.it/Brigid87/ , https://www.pinterest.it/Brigid87/boards , https://www.pinterest.it/Brigid87/Pets
 https://www.pinterest.it/Candra91/ , https://www.pinterest.it/Candra91/boards , https://www.pinterest.it/Candra91/Pets
 https://www.pinterest.it/Carin81/ , https://www.pinterest.it/Carin81/boards , https://www.pinterest.it/Carin81/Pets
 https://www.pinterest.it/Carline90/ , https://www.pinterest.it/Carline90/boards , https://www.pinterest.it/Carline90/Pets
 https://www.pinterest.it/Carmelita91/ , https://www.pinterest.it/Carmelita91/boards , https://www.pinterest.it/Carmelita91/Pets
 https://www.pinterest.it/Carmina99/ , https://www.pinterest.it/Carmina99/boards , https://www.pinterest.it/Carmina99/Pets
 https://www.pinterest.it/Caron95/ , https://www.pinterest.it/Caron95/boards , https://www.pinterest.it/Caron95/Pets
 https://www.pinterest.it/Caroyln85/ , https://www.pinterest.it/Caroyln85/boards , https://www.pinterest.it/Caroyln85/Pets
 https://www.pinterest.it/Catharine94/ , https://www.pinterest.it/Catharine94/boards , https://www.pinterest.it/Catharine94/Pets
 https://www.pinterest.it/Catherina85/ , https://www.pinterest.it/Catherina85/boards , https://www.pinterest.it/Catherina85/Pets
 https://www.pinterest.it/Cathy83/ , https://www.pinterest.it/Cathy83/boards , https://www.pinterest.it/Cathy83/Pets
 https://www.pinterest.it/Cathy99/ , https://www.pinterest.it/Cathy99/boards , https://www.pinterest.it/Cathy99/Pets
 https://www.pinterest.it/Cecilia90/ , https://www.pinterest.it/Cecilia90/boards , https://www.pinterest.it/Cecilia90/Pets
 https://www.pinterest.it/Celsa97/ , https://www.pinterest.it/Celsa97/boards , https://www.pinterest.it/Celsa97/Pets
 https://www.pinterest.it/Charlotte83/ , https://www.pinterest.it/Charlotte83/boards , https://www.pinterest.it/Charlotte83/Pets
 https://www.pinterest.it/Cheri90/ , https://www.pinterest.it/Cheri90/boards , https://www.pinterest.it/Cheri90/Pets
 https://www.pinterest.it/Chia91/ , https://www.pinterest.it/Chia91/boards , https://www.pinterest.it/Chia91/Pets
 https://www.pinterest.it/Cindi83/ , https://www.pinterest.it/Cindi83/boards , https://www.pinterest.it/Cindi83/Pets
 https://www.pinterest.it/Clarice83/ , https://www.pinterest.it/Clarice83/boards , https://www.pinterest.it/Clarice83/Pets
 https://www.pinterest.it/Clarice95/ , https://www.pinterest.it/Clarice95/boards , https://www.pinterest.it/Clarice95/Pets
 https://www.pinterest.it/Clayton95/ , https://www.pinterest.it/Clayton95/boards , https://www.pinterest.it/Clayton95/Pets
 https://www.pinterest.it/Cleotilde91/ , https://www.pinterest.it/Cleotilde91/boards , https://www.pinterest.it/Cleotilde91/Pets
 https://www.pinterest.it/Cleta90/ , https://www.pinterest.it/Cleta90/boards , https://www.pinterest.it/Cleta90/Pets
 https://www.pinterest.it/Cletus94/ , https://www.pinterest.it/Cletus94/boards , https://www.pinterest.it/Cletus94/Pets
 https://www.pinterest.it/Cole81/ , https://www.pinterest.it/Cole81/boards , https://www.pinterest.it/Cole81/Pets
 https://www.pinterest.it/Crystal94/ , https://www.pinterest.it/Crystal94/boards , https://www.pinterest.it/Crystal94/Pets
 https://www.pinterest.it/Dagmar86/ , https://www.pinterest.it/Dagmar86/boards , https://www.pinterest.it/Dagmar86/Pets
 https://www.pinterest.it/Damaris94/ , https://www.pinterest.it/Damaris94/boards , https://www.pinterest.it/Damaris94/Pets
 https://www.pinterest.it/Dannielle80/ , https://www.pinterest.it/Dannielle80/boards , https://www.pinterest.it/Dannielle80/Pets
 https://www.pinterest.it/Darci88/ , https://www.pinterest.it/Darci88/boards , https://www.pinterest.it/Darci88/Pets
 https://www.pinterest.it/Darell81/ , https://www.pinterest.it/Darell81/boards , https://www.pinterest.it/Darell81/Pets
 https://www.pinterest.it/Dean92/ , https://www.pinterest.it/Dean92/boards , https://www.pinterest.it/Dean92/Pets
 https://www.pinterest.it/Debby84/ , https://www.pinterest.it/Debby84/boards , https://www.pinterest.it/Debby84/Pets
 https://www.pinterest.it/Deeann82/ , https://www.pinterest.it/Deeann82/boards , https://www.pinterest.it/Deeann82/Pets
 https://www.pinterest.it/Deedra83/ , https://www.pinterest.it/Deedra83/boards , https://www.pinterest.it/Deedra83/Pets
 https://www.pinterest.it/Deirdre80/ , https://www.pinterest.it/Deirdre80/boards , https://www.pinterest.it/Deirdre80/Pets
 https://www.pinterest.it/Delmar91/ , https://www.pinterest.it/Delmar91/boards , https://www.pinterest.it/Delmar91/Pets
 https://www.pinterest.it/Deloris91/ , https://www.pinterest.it/Deloris91/boards , https://www.pinterest.it/Deloris91/Pets
 https://www.pinterest.it/Denny82/ , https://www.pinterest.it/Denny82/boards , https://www.pinterest.it/Denny82/Pets
 https://www.pinterest.it/Derick89/ , https://www.pinterest.it/Derick89/boards , https://www.pinterest.it/Derick89/Pets
 https://www.pinterest.it/Despina96/ , https://www.pinterest.it/Despina96/boards , https://www.pinterest.it/Despina96/Pets
 https://www.pinterest.it/Dessie85/ , https://www.pinterest.it/Dessie85/boards , https://www.pinterest.it/Dessie85/Pets
 https://www.pinterest.it/Dominica98/ , https://www.pinterest.it/Dominica98/boards , https://www.pinterest.it/Dominica98/Pets
 https://www.pinterest.it/Donald81/ , https://www.pinterest.it/Donald81/boards , https://www.pinterest.it/Donald81/Pets
 https://www.pinterest.it/Doretta92/ , https://www.pinterest.it/Doretta92/boards , https://www.pinterest.it/Doretta92/Pets
 https://www.pinterest.it/Doria85/ , https://www.pinterest.it/Doria85/boards , https://www.pinterest.it/Doria85/Pets
 https://www.pinterest.it/Dorie86/ , https://www.pinterest.it/Dorie86/boards , https://www.pinterest.it/Dorie86/Pets
 https://www.pinterest.it/Dorotha85/ , https://www.pinterest.it/Dorotha85/boards , https://www.pinterest.it/Dorotha85/Pets
 https://www.pinterest.it/Dorthey82/ , https://www.pinterest.it/Dorthey82/boards , https://www.pinterest.it/Dorthey82/Pets
 https://www.pinterest.it/Douglas92/ , https://www.pinterest.it/Douglas92/boards , https://www.pinterest.it/Douglas92/Pets
 https://www.pinterest.it/Dreama96/ , https://www.pinterest.it/Dreama96/boards , https://www.pinterest.it/Dreama96/Pets
 https://www.pinterest.it/Dustin89/ , https://www.pinterest.it/Dustin89/boards , https://www.pinterest.it/Dustin89/Pets
 https://www.pinterest.it/Eartha97/ , https://www.pinterest.it/Eartha97/boards , https://www.pinterest.it/Eartha97/Pets
 https://www.pinterest.it/Elbert91/ , https://www.pinterest.it/Elbert91/boards , https://www.pinterest.it/Elbert91/Pets
 https://www.pinterest.it/Elenora94/ , https://www.pinterest.it/Elenora94/boards , https://www.pinterest.it/Elenora94/Pets
 https://www.pinterest.it/Elfreda83/ , https://www.pinterest.it/Elfreda83/boards , https://www.pinterest.it/Elfreda83/Pets
 https://www.pinterest.it/Elizebeth93/ , https://www.pinterest.it/Elizebeth93/boards , https://www.pinterest.it/Elizebeth93/Pets
 https://www.pinterest.it/Ella93/ , https://www.pinterest.it/Ella93/boards , https://www.pinterest.it/Ella93/Pets
 https://www.pinterest.it/Else94/ , https://www.pinterest.it/Else94/boards , https://www.pinterest.it/Else94/Pets
 https://www.pinterest.it/Else99/ , https://www.pinterest.it/Else99/boards , https://www.pinterest.it/Else99/Pets
 https://www.pinterest.it/Elsie90/ , https://www.pinterest.it/Elsie90/boards , https://www.pinterest.it/Elsie90/Pets
 https://www.pinterest.it/Elza97/ , https://www.pinterest.it/Elza97/boards , https://www.pinterest.it/Elza97/Pets
 https://www.pinterest.it/Emelia82/ , https://www.pinterest.it/Emelia82/boards , https://www.pinterest.it/Emelia82/Pets
 https://www.pinterest.it/Emeline92/ , https://www.pinterest.it/Emeline92/boards , https://www.pinterest.it/Emeline92/Pets
 https://www.pinterest.it/Emmaline92/ , https://www.pinterest.it/Emmaline92/boards , https://www.pinterest.it/Emmaline92/Pets
 https://www.pinterest.it/Emmitt95/ , https://www.pinterest.it/Emmitt95/boards , https://www.pinterest.it/Emmitt95/Pets
 https://www.pinterest.it/Erlinda97/ , https://www.pinterest.it/Erlinda97/boards , https://www.pinterest.it/Erlinda97/Pets
 https://www.pinterest.it/Ernesto84/ , https://www.pinterest.it/Ernesto84/boards , https://www.pinterest.it/Ernesto84/Pets
 https://www.pinterest.it/Ernesto86/ , https://www.pinterest.it/Ernesto86/boards , https://www.pinterest.it/Ernesto86/Pets
 https://www.pinterest.it/Ernesto97/ , https://www.pinterest.it/Ernesto97/boards , https://www.pinterest.it/Ernesto97/Pets
 https://www.pinterest.it/Ervin81/ , https://www.pinterest.it/Ervin81/boards , https://www.pinterest.it/Ervin81/Pets
 https://www.pinterest.it/Eryn95/ , https://www.pinterest.it/Eryn95/boards , https://www.pinterest.it/Eryn95/Pets
 https://www.pinterest.it/Eunice86/ , https://www.pinterest.it/Eunice86/boards , https://www.pinterest.it/Eunice86/Pets
 https://www.pinterest.it/Evelin85/ , https://www.pinterest.it/Evelin85/boards , https://www.pinterest.it/Evelin85/Pets
 https://www.pinterest.it/Federico94/ , https://www.pinterest.it/Federico94/boards , https://www.pinterest.it/Federico94/Pets
 https://www.pinterest.it/Felicidad90/ , https://www.pinterest.it/Felicidad90/boards , https://www.pinterest.it/Felicidad90/Pets
 https://www.pinterest.it/Foster82/ , https://www.pinterest.it/Foster82/boards , https://www.pinterest.it/Foster82/Pets
 https://www.pinterest.it/Frida88/ , https://www.pinterest.it/Frida88/boards , https://www.pinterest.it/Frida88/Pets
 https://www.pinterest.it/Garry95/ , https://www.pinterest.it/Garry95/boards , https://www.pinterest.it/Garry95/Pets
 https://www.pinterest.it/Georgia97/ , https://www.pinterest.it/Georgia97/boards , https://www.pinterest.it/Georgia97/Pets
 https://www.pinterest.it/Georgianna93/ , https://www.pinterest.it/Georgianna93/boards , https://www.pinterest.it/Georgianna93/Pets
 https://www.pinterest.it/Gertude92/ , https://www.pinterest.it/Gertude92/boards , https://www.pinterest.it/Gertude92/Pets
 https://www.pinterest.it/Gidget97/ , https://www.pinterest.it/Gidget97/boards , https://www.pinterest.it/Gidget97/Pets
 https://www.pinterest.it/Gilma93/ , https://www.pinterest.it/Gilma93/boards , https://www.pinterest.it/Gilma93/Pets
 https://www.pinterest.it/Gladis95/ , https://www.pinterest.it/Gladis95/boards , https://www.pinterest.it/Gladis95/Pets
 https://www.pinterest.it/Glinda93/ , https://www.pinterest.it/Glinda93/boards , https://www.pinterest.it/Glinda93/Pets
 https://www.pinterest.it/Golden99/ , https://www.pinterest.it/Golden99/boards , https://www.pinterest.it/Golden99/Pets
 https://www.pinterest.it/Guadalupe96/ , https://www.pinterest.it/Guadalupe96/boards , https://www.pinterest.it/Guadalupe96/Pets
 https://www.pinterest.it/Gwenn82/ , https://www.pinterest.it/Gwenn82/boards , https://www.pinterest.it/Gwenn82/Pets
 https://www.pinterest.it/Ha82/ , https://www.pinterest.it/Ha82/boards , https://www.pinterest.it/Ha82/Pets
 https://www.pinterest.it/Harriet81/ , https://www.pinterest.it/Harriet81/boards , https://www.pinterest.it/Harriet81/Pets
 https://www.pinterest.it/Harriet96/ , https://www.pinterest.it/Harriet96/boards , https://www.pinterest.it/Harriet96/Pets
 https://www.pinterest.it/Heather80/ , https://www.pinterest.it/Heather80/boards , https://www.pinterest.it/Heather80/Pets
 https://www.pinterest.it/Heather96/ , https://www.pinterest.it/Heather96/boards , https://www.pinterest.it/Heather96/Pets
 https://www.pinterest.it/Hector96/ , https://www.pinterest.it/Hector96/boards , https://www.pinterest.it/Hector96/Pets
 https://www.pinterest.it/Henriette88/ , https://www.pinterest.it/Henriette88/boards , https://www.pinterest.it/Henriette88/Pets
 https://www.pinterest.it/Hester85/ , https://www.pinterest.it/Hester85/boards , https://www.pinterest.it/Hester85/Pets
 https://www.pinterest.it/Hobert96/ , https://www.pinterest.it/Hobert96/boards , https://www.pinterest.it/Hobert96/Pets
 https://www.pinterest.it/Hollie91/ , https://www.pinterest.it/Hollie91/boards , https://www.pinterest.it/Hollie91/Pets
 https://www.pinterest.it/Huey84/ , https://www.pinterest.it/Huey84/boards , https://www.pinterest.it/Huey84/Pets
 https://www.pinterest.it/Hugo81/ , https://www.pinterest.it/Hugo81/boards , https://www.pinterest.it/Hugo81/Pets
 https://www.pinterest.it/Hyo95/ , https://www.pinterest.it/Hyo95/boards , https://www.pinterest.it/Hyo95/Pets
 https://www.pinterest.it/Hyun96/ , https://www.pinterest.it/Hyun96/boards , https://www.pinterest.it/Hyun96/Pets
 https://www.pinterest.it/Illa88/ , https://www.pinterest.it/Illa88/boards , https://www.pinterest.it/Illa88/Pets
 https://www.pinterest.it/Ilona99/ , https://www.pinterest.it/Ilona99/boards , https://www.pinterest.it/Ilona99/Pets
 https://www.pinterest.it/Ingrid94/ , https://www.pinterest.it/Ingrid94/boards , https://www.pinterest.it/Ingrid94/Pets
 https://www.pinterest.it/Isaac88/ , https://www.pinterest.it/Isaac88/boards , https://www.pinterest.it/Isaac88/Pets
 https://www.pinterest.it/Isabel83/ , https://www.pinterest.it/Isabel83/boards , https://www.pinterest.it/Isabel83/Pets
 https://www.pinterest.it/Isidra80/ , https://www.pinterest.it/Isidra80/boards , https://www.pinterest.it/Isidra80/Pets
 https://www.pinterest.it/Iva96/ , https://www.pinterest.it/Iva96/boards , https://www.pinterest.it/Iva96/Pets
 https://www.pinterest.it/Jacki91/ , https://www.pinterest.it/Jacki91/boards , https://www.pinterest.it/Jacki91/Pets
 https://www.pinterest.it/Jacqualine85/ , https://www.pinterest.it/Jacqualine85/boards , https://www.pinterest.it/Jacqualine85/Pets
 https://www.pinterest.it/Jacque93/ , https://www.pinterest.it/Jacque93/boards , https://www.pinterest.it/Jacque93/Pets
 https://www.pinterest.it/Jaimee91/ , https://www.pinterest.it/Jaimee91/boards , https://www.pinterest.it/Jaimee91/Pets
 https://www.pinterest.it/Jalisa90/ , https://www.pinterest.it/Jalisa90/boards , https://www.pinterest.it/Jalisa90/Pets
 https://www.pinterest.it/Jamey87/ , https://www.pinterest.it/Jamey87/boards , https://www.pinterest.it/Jamey87/Pets
 https://www.pinterest.it/Jane81/ , https://www.pinterest.it/Jane81/boards , https://www.pinterest.it/Jane81/Pets
 https://www.pinterest.it/Janice84/ , https://www.pinterest.it/Janice84/boards , https://www.pinterest.it/Janice84/Pets
 https://www.pinterest.it/Janise89/ , https://www.pinterest.it/Janise89/boards , https://www.pinterest.it/Janise89/Pets
 https://www.pinterest.it/Janita87/ , https://www.pinterest.it/Janita87/boards , https://www.pinterest.it/Janita87/Pets
 https://www.pinterest.it/Jaqueline92/ , https://www.pinterest.it/Jaqueline92/boards , https://www.pinterest.it/Jaqueline92/Pets
 https://www.pinterest.it/Jarred84/ , https://www.pinterest.it/Jarred84/boards , https://www.pinterest.it/Jarred84/Pets
 https://www.pinterest.it/Jarvis99/ , https://www.pinterest.it/Jarvis99/boards , https://www.pinterest.it/Jarvis99/Pets
 https://www.pinterest.it/Jason90/ , https://www.pinterest.it/Jason90/boards , https://www.pinterest.it/Jason90/Pets
 https://www.pinterest.it/Jaunita94/ , https://www.pinterest.it/Jaunita94/boards , https://www.pinterest.it/Jaunita94/Pets
 https://www.pinterest.it/Jean86/ , https://www.pinterest.it/Jean86/boards , https://www.pinterest.it/Jean86/Pets
 https://www.pinterest.it/Jeana87/ , https://www.pinterest.it/Jeana87/boards , https://www.pinterest.it/Jeana87/Pets
 https://www.pinterest.it/Jeannine89/ , https://www.pinterest.it/Jeannine89/boards , https://www.pinterest.it/Jeannine89/Pets
 https://www.pinterest.it/Jeff94/ , https://www.pinterest.it/Jeff94/boards , https://www.pinterest.it/Jeff94/Pets
 https://www.pinterest.it/Jeffery82/ , https://www.pinterest.it/Jeffery82/boards , https://www.pinterest.it/Jeffery82/Pets
 https://www.pinterest.it/Jeni84/ , https://www.pinterest.it/Jeni84/boards , https://www.pinterest.it/Jeni84/Pets
 https://www.pinterest.it/Jeni98/ , https://www.pinterest.it/Jeni98/boards , https://www.pinterest.it/Jeni98/Pets
 https://www.pinterest.it/Jeramy93/ , https://www.pinterest.it/Jeramy93/boards , https://www.pinterest.it/Jeramy93/Pets
 https://www.pinterest.it/Jermaine80/ , https://www.pinterest.it/Jermaine80/boards , https://www.pinterest.it/Jermaine80/Pets
 https://www.pinterest.it/Jesica90/ , https://www.pinterest.it/Jesica90/boards , https://www.pinterest.it/Jesica90/Pets
 https://www.pinterest.it/Jewell84/ , https://www.pinterest.it/Jewell84/boards , https://www.pinterest.it/Jewell84/Pets
 https://www.pinterest.it/Jo90/ , https://www.pinterest.it/Jo90/boards , https://www.pinterest.it/Jo90/Pets
 https://www.pinterest.it/Jocelyn98/ , https://www.pinterest.it/Jocelyn98/boards , https://www.pinterest.it/Jocelyn98/Pets
 https://www.pinterest.it/Joeann82/ , https://www.pinterest.it/Joeann82/boards , https://www.pinterest.it/Joeann82/Pets
 https://www.pinterest.it/Johnette98/ , https://www.pinterest.it/Johnette98/boards , https://www.pinterest.it/Johnette98/Pets
 https://www.pinterest.it/Johnny89/ , https://www.pinterest.it/Johnny89/boards , https://www.pinterest.it/Johnny89/Pets
 https://www.pinterest.it/Jonah94/ , https://www.pinterest.it/Jonah94/boards , https://www.pinterest.it/Jonah94/Pets
 https://www.pinterest.it/Juliette95/ , https://www.pinterest.it/Juliette95/boards , https://www.pinterest.it/Juliette95/Pets
 https://www.pinterest.it/Kaley89/ , https://www.pinterest.it/Kaley89/boards , https://www.pinterest.it/Kaley89/Pets
 https://www.pinterest.it/Kallie85/ , https://www.pinterest.it/Kallie85/boards , https://www.pinterest.it/Kallie85/Pets
 https://www.pinterest.it/Kalyn80/ , https://www.pinterest.it/Kalyn80/boards , https://www.pinterest.it/Kalyn80/Pets
 https://www.pinterest.it/Karen90/ , https://www.pinterest.it/Karen90/boards , https://www.pinterest.it/Karen90/Pets
 https://www.pinterest.it/Karren97/ , https://www.pinterest.it/Karren97/boards , https://www.pinterest.it/Karren97/Pets
 https://www.pinterest.it/Karrie87/ , https://www.pinterest.it/Karrie87/boards , https://www.pinterest.it/Karrie87/Pets
 https://www.pinterest.it/Kary96/ , https://www.pinterest.it/Kary96/boards , https://www.pinterest.it/Kary96/Pets
 https://www.pinterest.it/Katelynn86/ , https://www.pinterest.it/Katelynn86/boards , https://www.pinterest.it/Katelynn86/Pets
 https://www.pinterest.it/Katharina83/ , https://www.pinterest.it/Katharina83/boards , https://www.pinterest.it/Katharina83/Pets
 https://www.pinterest.it/Keenan88/ , https://www.pinterest.it/Keenan88/boards , https://www.pinterest.it/Keenan88/Pets
 https://www.pinterest.it/Kellee90/ , https://www.pinterest.it/Kellee90/boards , https://www.pinterest.it/Kellee90/Pets
 https://www.pinterest.it/Kellye94/ , https://www.pinterest.it/Kellye94/boards , https://www.pinterest.it/Kellye94/Pets
 https://www.pinterest.it/Kenya91/ , https://www.pinterest.it/Kenya91/boards , https://www.pinterest.it/Kenya91/Pets
 https://www.pinterest.it/Kermit85/ , https://www.pinterest.it/Kermit85/boards , https://www.pinterest.it/Kermit85/Pets
 https://www.pinterest.it/Kerri99/ , https://www.pinterest.it/Kerri99/boards , https://www.pinterest.it/Kerri99/Pets
 https://www.pinterest.it/Kesha89/ , https://www.pinterest.it/Kesha89/boards , https://www.pinterest.it/Kesha89/Pets
 https://www.pinterest.it/Kimi83/ , https://www.pinterest.it/Kimi83/boards , https://www.pinterest.it/Kimi83/Pets
 https://www.pinterest.it/Kirsten98/ , https://www.pinterest.it/Kirsten98/boards , https://www.pinterest.it/Kirsten98/Pets
 https://www.pinterest.it/Kitty98/ , https://www.pinterest.it/Kitty98/boards , https://www.pinterest.it/Kitty98/Pets
 https://www.pinterest.it/Kyung90/ , https://www.pinterest.it/Kyung90/boards , https://www.pinterest.it/Kyung90/Pets
 https://www.pinterest.it/Lachelle83/ , https://www.pinterest.it/Lachelle83/boards , https://www.pinterest.it/Lachelle83/Pets
 https://www.pinterest.it/Lacresha96/ , https://www.pinterest.it/Lacresha96/boards , https://www.pinterest.it/Lacresha96/Pets
 https://www.pinterest.it/Lakia93/ , https://www.pinterest.it/Lakia93/boards , https://www.pinterest.it/Lakia93/Pets
 https://www.pinterest.it/Laraine92/ , https://www.pinterest.it/Laraine92/boards , https://www.pinterest.it/Laraine92/Pets
 https://www.pinterest.it/Laree95/ , https://www.pinterest.it/Laree95/boards , https://www.pinterest.it/Laree95/Pets
 https://www.pinterest.it/Larissa88/ , https://www.pinterest.it/Larissa88/boards , https://www.pinterest.it/Larissa88/Pets
 https://www.pinterest.it/Larue99/ , https://www.pinterest.it/Larue99/boards , https://www.pinterest.it/Larue99/Pets
 https://www.pinterest.it/Lashandra81/ , https://www.pinterest.it/Lashandra81/boards , https://www.pinterest.it/Lashandra81/Pets
 https://www.pinterest.it/Le97/ , https://www.pinterest.it/Le97/boards , https://www.pinterest.it/Le97/Pets
 https://www.pinterest.it/Leesa84/ , https://www.pinterest.it/Leesa84/boards , https://www.pinterest.it/Leesa84/Pets
 https://www.pinterest.it/Leida82/ , https://www.pinterest.it/Leida82/boards , https://www.pinterest.it/Leida82/Pets
 https://www.pinterest.it/Leisha90/ , https://www.pinterest.it/Leisha90/boards , https://www.pinterest.it/Leisha90/Pets
 https://www.pinterest.it/Lelia90/ , https://www.pinterest.it/Lelia90/boards , https://www.pinterest.it/Lelia90/Pets
 https://www.pinterest.it/Lennie81/ , https://www.pinterest.it/Lennie81/boards , https://www.pinterest.it/Lennie81/Pets
 https://www.pinterest.it/Lenora93/ , https://www.pinterest.it/Lenora93/boards , https://www.pinterest.it/Lenora93/Pets
 https://www.pinterest.it/Leon82/ , https://www.pinterest.it/Leon82/boards , https://www.pinterest.it/Leon82/Pets
 https://www.pinterest.it/Leona89/ , https://www.pinterest.it/Leona89/boards , https://www.pinterest.it/Leona89/Pets
 https://www.pinterest.it/Leora98/ , https://www.pinterest.it/Leora98/boards , https://www.pinterest.it/Leora98/Pets
 https://www.pinterest.it/Lesia92/ , https://www.pinterest.it/Lesia92/boards , https://www.pinterest.it/Lesia92/Pets
 https://www.pinterest.it/Leslee83/ , https://www.pinterest.it/Leslee83/boards , https://www.pinterest.it/Leslee83/Pets
 https://www.pinterest.it/Lien83/ , https://www.pinterest.it/Lien83/boards , https://www.pinterest.it/Lien83/Pets
 https://www.pinterest.it/Lila82/ , https://www.pinterest.it/Lila82/boards , https://www.pinterest.it/Lila82/Pets
 https://www.pinterest.it/Lincoln81/ , https://www.pinterest.it/Lincoln81/boards , https://www.pinterest.it/Lincoln81/Pets
 https://www.pinterest.it/Lisabeth81/ , https://www.pinterest.it/Lisabeth81/boards , https://www.pinterest.it/Lisabeth81/Pets
 https://www.pinterest.it/Lizabeth83/ , https://www.pinterest.it/Lizabeth83/boards , https://www.pinterest.it/Lizabeth83/Pets
 https://www.pinterest.it/Londa89/ , https://www.pinterest.it/Londa89/boards , https://www.pinterest.it/Londa89/Pets
 https://www.pinterest.it/Lorene87/ , https://www.pinterest.it/Lorene87/boards , https://www.pinterest.it/Lorene87/Pets
 https://www.pinterest.it/Lorette80/ , https://www.pinterest.it/Lorette80/boards , https://www.pinterest.it/Lorette80/Pets
 https://www.pinterest.it/Louise88/ , https://www.pinterest.it/Louise88/boards , https://www.pinterest.it/Louise88/Pets
 https://www.pinterest.it/Lourdes88/ , https://www.pinterest.it/Lourdes88/boards , https://www.pinterest.it/Lourdes88/Pets
 https://www.pinterest.it/Lourdes97/ , https://www.pinterest.it/Lourdes97/boards , https://www.pinterest.it/Lourdes97/Pets
 https://www.pinterest.it/Lue86/ , https://www.pinterest.it/Lue86/boards , https://www.pinterest.it/Lue86/Pets
 https://www.pinterest.it/Lupe94/ , https://www.pinterest.it/Lupe94/boards , https://www.pinterest.it/Lupe94/Pets
 https://www.pinterest.it/Lynetta80/ , https://www.pinterest.it/Lynetta80/boards , https://www.pinterest.it/Lynetta80/Pets
 https://www.pinterest.it/Mallie89/ , https://www.pinterest.it/Mallie89/boards , https://www.pinterest.it/Mallie89/Pets
 https://www.pinterest.it/Man93/ , https://www.pinterest.it/Man93/boards , https://www.pinterest.it/Man93/Pets
 https://www.pinterest.it/Many88/ , https://www.pinterest.it/Many88/boards , https://www.pinterest.it/Many88/Pets
 https://www.pinterest.it/Maple98/ , https://www.pinterest.it/Maple98/boards , https://www.pinterest.it/Maple98/Pets
 https://www.pinterest.it/Maragaret82/ , https://www.pinterest.it/Maragaret82/boards , https://www.pinterest.it/Maragaret82/Pets
 https://www.pinterest.it/Marci83/ , https://www.pinterest.it/Marci83/boards , https://www.pinterest.it/Marci83/Pets
 https://www.pinterest.it/Marcus89/ , https://www.pinterest.it/Marcus89/boards , https://www.pinterest.it/Marcus89/Pets
 https://www.pinterest.it/Margarete84/ , https://www.pinterest.it/Margarete84/boards , https://www.pinterest.it/Margarete84/Pets
 https://www.pinterest.it/Margarita84/ , https://www.pinterest.it/Margarita84/boards , https://www.pinterest.it/Margarita84/Pets
 https://www.pinterest.it/Margarite81/ , https://www.pinterest.it/Margarite81/boards , https://www.pinterest.it/Margarite81/Pets
 https://www.pinterest.it/Marine83/ , https://www.pinterest.it/Marine83/boards , https://www.pinterest.it/Marine83/Pets
 https://www.pinterest.it/Marlo93/ , https://www.pinterest.it/Marlo93/boards , https://www.pinterest.it/Marlo93/Pets
 https://www.pinterest.it/Marta94/ , https://www.pinterest.it/Marta94/boards , https://www.pinterest.it/Marta94/Pets
 https://www.pinterest.it/Marty84/ , https://www.pinterest.it/Marty84/boards , https://www.pinterest.it/Marty84/Pets
 https://www.pinterest.it/Maryanna93/ , https://www.pinterest.it/Maryanna93/boards , https://www.pinterest.it/Maryanna93/Pets
 https://www.pinterest.it/Masako81/ , https://www.pinterest.it/Masako81/boards , https://www.pinterest.it/Masako81/Pets
 https://www.pinterest.it/Mathew97/ , https://www.pinterest.it/Mathew97/boards , https://www.pinterest.it/Mathew97/Pets
 https://www.pinterest.it/Mathilde83/ , https://www.pinterest.it/Mathilde83/boards , https://www.pinterest.it/Mathilde83/Pets
 https://www.pinterest.it/Maudie85/ , https://www.pinterest.it/Maudie85/boards , https://www.pinterest.it/Maudie85/Pets
 https://www.pinterest.it/Maurine94/ , https://www.pinterest.it/Maurine94/boards , https://www.pinterest.it/Maurine94/Pets
 https://www.pinterest.it/Max80/ , https://www.pinterest.it/Max80/boards , https://www.pinterest.it/Max80/Pets
 https://www.pinterest.it/Maybelle84/ , https://www.pinterest.it/Maybelle84/boards , https://www.pinterest.it/Maybelle84/Pets
 https://www.pinterest.it/Mazie87/ , https://www.pinterest.it/Mazie87/boards , https://www.pinterest.it/Mazie87/Pets
 https://www.pinterest.it/Melvin82/ , https://www.pinterest.it/Melvin82/boards , https://www.pinterest.it/Melvin82/Pets
 https://www.pinterest.it/Meri83/ , https://www.pinterest.it/Meri83/boards , https://www.pinterest.it/Meri83/Pets
 https://www.pinterest.it/Michell97/ , https://www.pinterest.it/Michell97/boards , https://www.pinterest.it/Michell97/Pets
 https://www.pinterest.it/Milagro91/ , https://www.pinterest.it/Milagro91/boards , https://www.pinterest.it/Milagro91/Pets
 https://www.pinterest.it/Milda93/ , https://www.pinterest.it/Milda93/boards , https://www.pinterest.it/Milda93/Pets
 https://www.pinterest.it/Min80/ , https://www.pinterest.it/Min80/boards , https://www.pinterest.it/Min80/Pets
 https://www.pinterest.it/Mirtha91/ , https://www.pinterest.it/Mirtha91/boards , https://www.pinterest.it/Mirtha91/Pets
 https://www.pinterest.it/Mitzie90/ , https://www.pinterest.it/Mitzie90/boards , https://www.pinterest.it/Mitzie90/Pets
 https://www.pinterest.it/Murray95/ , https://www.pinterest.it/Murray95/boards , https://www.pinterest.it/Murray95/Pets
 https://www.pinterest.it/Myong91/ , https://www.pinterest.it/Myong91/boards , https://www.pinterest.it/Myong91/Pets
 https://www.pinterest.it/Nanci96/ , https://www.pinterest.it/Nanci96/boards , https://www.pinterest.it/Nanci96/Pets
 https://www.pinterest.it/Natacha83/ , https://www.pinterest.it/Natacha83/boards , https://www.pinterest.it/Natacha83/Pets
 https://www.pinterest.it/Nathan80/ , https://www.pinterest.it/Nathan80/boards , https://www.pinterest.it/Nathan80/Pets
 https://www.pinterest.it/Nathanial92/ , https://www.pinterest.it/Nathanial92/boards , https://www.pinterest.it/Nathanial92/Pets
 https://www.pinterest.it/Nedra88/ , https://www.pinterest.it/Nedra88/boards , https://www.pinterest.it/Nedra88/Pets
 https://www.pinterest.it/Nenita87/ , https://www.pinterest.it/Nenita87/boards , https://www.pinterest.it/Nenita87/Pets
 https://www.pinterest.it/Nichol94/ , https://www.pinterest.it/Nichol94/boards , https://www.pinterest.it/Nichol94/Pets
 https://www.pinterest.it/Nickie96/ , https://www.pinterest.it/Nickie96/boards , https://www.pinterest.it/Nickie96/Pets
 https://www.pinterest.it/Nicolle95/ , https://www.pinterest.it/Nicolle95/boards , https://www.pinterest.it/Nicolle95/Pets
 https://www.pinterest.it/Noble95/ , https://www.pinterest.it/Noble95/boards , https://www.pinterest.it/Noble95/Pets
 https://www.pinterest.it/Norma83/ , https://www.pinterest.it/Norma83/boards , https://www.pinterest.it/Norma83/Pets
 https://www.pinterest.it/Nu91/ , https://www.pinterest.it/Nu91/boards , https://www.pinterest.it/Nu91/Pets
 https://www.pinterest.it/Ollie86/ , https://www.pinterest.it/Ollie86/boards , https://www.pinterest.it/Ollie86/Pets
 https://www.pinterest.it/Otelia82/ , https://www.pinterest.it/Otelia82/boards , https://www.pinterest.it/Otelia82/Pets
 https://www.pinterest.it/Paulette95/ , https://www.pinterest.it/Paulette95/boards , https://www.pinterest.it/Paulette95/Pets
 https://www.pinterest.it/Paulita82/ , https://www.pinterest.it/Paulita82/boards , https://www.pinterest.it/Paulita82/Pets
 https://www.pinterest.it/Paulita90/ , https://www.pinterest.it/Paulita90/boards , https://www.pinterest.it/Paulita90/Pets
 https://www.pinterest.it/Phebe83/ , https://www.pinterest.it/Phebe83/boards , https://www.pinterest.it/Phebe83/Pets
 https://www.pinterest.it/Ping99/ , https://www.pinterest.it/Ping99/boards , https://www.pinterest.it/Ping99/Pets
 https://www.pinterest.it/Porter81/ , https://www.pinterest.it/Porter81/boards , https://www.pinterest.it/Porter81/Pets
 https://www.pinterest.it/Racquel95/ , https://www.pinterest.it/Racquel95/boards , https://www.pinterest.it/Racquel95/Pets
 https://www.pinterest.it/Ranae88/ , https://www.pinterest.it/Ranae88/boards , https://www.pinterest.it/Ranae88/Pets
 https://www.pinterest.it/Ranee88/ , https://www.pinterest.it/Ranee88/boards , https://www.pinterest.it/Ranee88/Pets
 https://www.pinterest.it/Raphael94/ , https://www.pinterest.it/Raphael94/boards , https://www.pinterest.it/Raphael94/Pets
 https://www.pinterest.it/Raquel86/ , https://www.pinterest.it/Raquel86/boards , https://www.pinterest.it/Raquel86/Pets
 https://www.pinterest.it/Raymond88/ , https://www.pinterest.it/Raymond88/boards , https://www.pinterest.it/Raymond88/Pets
 https://www.pinterest.it/Raymundo97/ , https://www.pinterest.it/Raymundo97/boards , https://www.pinterest.it/Raymundo97/Pets
 https://www.pinterest.it/Rebekah99/ , https://www.pinterest.it/Rebekah99/boards , https://www.pinterest.it/Rebekah99/Pets
 https://www.pinterest.it/Reid83/ , https://www.pinterest.it/Reid83/boards , https://www.pinterest.it/Reid83/Pets
 https://www.pinterest.it/Reta87/ , https://www.pinterest.it/Reta87/boards , https://www.pinterest.it/Reta87/Pets
 https://www.pinterest.it/Rex86/ , https://www.pinterest.it/Rex86/boards , https://www.pinterest.it/Rex86/Pets
 https://www.pinterest.it/Ria89/ , https://www.pinterest.it/Ria89/boards , https://www.pinterest.it/Ria89/Pets
 https://www.pinterest.it/Riley99/ , https://www.pinterest.it/Riley99/boards , https://www.pinterest.it/Riley99/Pets
 https://www.pinterest.it/Rodrick81/ , https://www.pinterest.it/Rodrick81/boards , https://www.pinterest.it/Rodrick81/Pets
 https://www.pinterest.it/Ronald87/ , https://www.pinterest.it/Ronald87/boards , https://www.pinterest.it/Ronald87/Pets
 https://www.pinterest.it/Roni82/ , https://www.pinterest.it/Roni82/boards , https://www.pinterest.it/Roni82/Pets
 https://www.pinterest.it/Rosa89/ , https://www.pinterest.it/Rosa89/boards , https://www.pinterest.it/Rosa89/Pets
 https://www.pinterest.it/Rosalinda86/ , https://www.pinterest.it/Rosalinda86/boards , https://www.pinterest.it/Rosalinda86/Pets
 https://www.pinterest.it/Rosanne96/ , https://www.pinterest.it/Rosanne96/boards , https://www.pinterest.it/Rosanne96/Pets
 https://www.pinterest.it/Roseline92/ , https://www.pinterest.it/Roseline92/boards , https://www.pinterest.it/Roseline92/Pets
 https://www.pinterest.it/Rosenda81/ , https://www.pinterest.it/Rosenda81/boards , https://www.pinterest.it/Rosenda81/Pets
 https://www.pinterest.it/Roxanne83/ , https://www.pinterest.it/Roxanne83/boards , https://www.pinterest.it/Roxanne83/Pets
 https://www.pinterest.it/Roy95/ , https://www.pinterest.it/Roy95/boards , https://www.pinterest.it/Roy95/Pets
 https://www.pinterest.it/Ryann99/ , https://www.pinterest.it/Ryann99/boards , https://www.pinterest.it/Ryann99/Pets
 https://www.pinterest.it/Salena95/ , https://www.pinterest.it/Salena95/boards , https://www.pinterest.it/Salena95/Pets
 https://www.pinterest.it/Sallie80/ , https://www.pinterest.it/Sallie80/boards , https://www.pinterest.it/Sallie80/Pets
 https://www.pinterest.it/Salome86/ , https://www.pinterest.it/Salome86/boards , https://www.pinterest.it/Salome86/Pets
 https://www.pinterest.it/Sam85/ , https://www.pinterest.it/Sam85/boards , https://www.pinterest.it/Sam85/Pets
 https://www.pinterest.it/Sebrina91/ , https://www.pinterest.it/Sebrina91/boards , https://www.pinterest.it/Sebrina91/Pets
 https://www.pinterest.it/Shamika81/ , https://www.pinterest.it/Shamika81/boards , https://www.pinterest.it/Shamika81/Pets
 https://www.pinterest.it/Shana93/ , https://www.pinterest.it/Shana93/boards , https://www.pinterest.it/Shana93/Pets
 https://www.pinterest.it/Shaneka96/ , https://www.pinterest.it/Shaneka96/boards , https://www.pinterest.it/Shaneka96/Pets
 https://www.pinterest.it/Shante81/ , https://www.pinterest.it/Shante81/boards , https://www.pinterest.it/Shante81/Pets
 https://www.pinterest.it/Shaquana89/ , https://www.pinterest.it/Shaquana89/boards , https://www.pinterest.it/Shaquana89/Pets
 https://www.pinterest.it/Sharan83/ , https://www.pinterest.it/Sharan83/boards , https://www.pinterest.it/Sharan83/Pets
 https://www.pinterest.it/Sharan89/ , https://www.pinterest.it/Sharan89/boards , https://www.pinterest.it/Sharan89/Pets
 https://www.pinterest.it/Sharell80/ , https://www.pinterest.it/Sharell80/boards , https://www.pinterest.it/Sharell80/Pets
 https://www.pinterest.it/Shavonda96/ , https://www.pinterest.it/Shavonda96/boards , https://www.pinterest.it/Shavonda96/Pets
 https://www.pinterest.it/Shawn96/ , https://www.pinterest.it/Shawn96/boards , https://www.pinterest.it/Shawn96/Pets
 https://www.pinterest.it/Shawnta94/ , https://www.pinterest.it/Shawnta94/boards , https://www.pinterest.it/Shawnta94/Pets
 https://www.pinterest.it/Shea86/ , https://www.pinterest.it/Shea86/boards , https://www.pinterest.it/Shea86/Pets
 https://www.pinterest.it/Sherika90/ , https://www.pinterest.it/Sherika90/boards , https://www.pinterest.it/Sherika90/Pets
 https://www.pinterest.it/Shon91/ , https://www.pinterest.it/Shon91/boards , https://www.pinterest.it/Shon91/Pets
 https://www.pinterest.it/Shonda95/ , https://www.pinterest.it/Shonda95/boards , https://www.pinterest.it/Shonda95/Pets
 https://www.pinterest.it/Shoshana85/ , https://www.pinterest.it/Shoshana85/boards , https://www.pinterest.it/Shoshana85/Pets
 https://www.pinterest.it/Silva80/ , https://www.pinterest.it/Silva80/boards , https://www.pinterest.it/Silva80/Pets
 https://www.pinterest.it/Simon86/ , https://www.pinterest.it/Simon86/boards , https://www.pinterest.it/Simon86/Pets
 https://www.pinterest.it/Simon88/ , https://www.pinterest.it/Simon88/boards , https://www.pinterest.it/Simon88/Pets
 https://www.pinterest.it/Simonne83/ , https://www.pinterest.it/Simonne83/boards , https://www.pinterest.it/Simonne83/Pets
 https://www.pinterest.it/Starla88/ , https://www.pinterest.it/Starla88/boards , https://www.pinterest.it/Starla88/Pets
 https://www.pinterest.it/Starr80/ , https://www.pinterest.it/Starr80/boards , https://www.pinterest.it/Starr80/Pets
 https://www.pinterest.it/Stefani99/ , https://www.pinterest.it/Stefani99/boards , https://www.pinterest.it/Stefani99/Pets
 https://www.pinterest.it/Stephan95/ , https://www.pinterest.it/Stephan95/boards , https://www.pinterest.it/Stephan95/Pets
 https://www.pinterest.it/Stephania86/ , https://www.pinterest.it/Stephania86/boards , https://www.pinterest.it/Stephania86/Pets
 https://www.pinterest.it/Stephany83/ , https://www.pinterest.it/Stephany83/boards , https://www.pinterest.it/Stephany83/Pets
 https://www.pinterest.it/Stephine97/ , https://www.pinterest.it/Stephine97/boards , https://www.pinterest.it/Stephine97/Pets
 https://www.pinterest.it/Suanne89/ , https://www.pinterest.it/Suanne89/boards , https://www.pinterest.it/Suanne89/Pets
 https://www.pinterest.it/Summer81/ , https://www.pinterest.it/Summer81/boards , https://www.pinterest.it/Summer81/Pets
 https://www.pinterest.it/Suzanne82/ , https://www.pinterest.it/Suzanne82/boards , https://www.pinterest.it/Suzanne82/Pets
 https://www.pinterest.it/Suzi82/ , https://www.pinterest.it/Suzi82/boards , https://www.pinterest.it/Suzi82/Pets
 https://www.pinterest.it/Tabetha88/ , https://www.pinterest.it/Tabetha88/boards , https://www.pinterest.it/Tabetha88/Pets
 https://www.pinterest.it/Tamika91/ , https://www.pinterest.it/Tamika91/boards , https://www.pinterest.it/Tamika91/Pets
 https://www.pinterest.it/Tammie93/ , https://www.pinterest.it/Tammie93/boards , https://www.pinterest.it/Tammie93/Pets
 https://www.pinterest.it/Tammy98/ , https://www.pinterest.it/Tammy98/boards , https://www.pinterest.it/Tammy98/Pets
